{"cameraMode":{"drawMode":0,"name":"Shaded","section":"Shading Mode"},"sceneLighting":false,"audioPlay":false,"sceneViewState":{"showFog":true,"showMaterialUpdate":false,"showSkybox":false,"showFlares":true,"showImageEffects":true,"showParticleSystems":true},"in2DMode":false,"pivot":{"x":3.0024709701538088,"y":3.7019598484039308,"z":3.328510046005249},"rotation":{"x":0.07418431341648102,"y":-0.4702450931072235,"z":0.039717916399240497,"w":0.8785251379013062},"size":0.4898979663848877,"orthographic":false}